,Best Score,Mean Score,Standard Deviation
random_forest clr,0.9056603773584906,0.8785195936139333,0.03640502469381202
