,Accuracy,Precision,Recall
linear_svc binary,0.8955223880597015,0.8955223880597015,0.8955223880597015
